product_id,quantity,revenue,returned,sale_date,marketplace,bundled_with
1,23,310.5,False,2026-01-12,Taobao,2
1,11,148.5,False,2026-01-20,Taobao,
1,22,297.0,False,2026-01-22,Taobao,
1,22,297.0,False,2026-01-26,Taobao,
1,13,175.5,False,2026-02-06,Taobao,2
1,30,405.0,False,2026-02-09,Taobao,
1,13,175.5,False,2026-02-13,Taobao,
1,15,202.5,False,2026-03-19,Taobao,
1,16,216.0,False,2026-04-05,Taobao,
2,4,160.0,False,2026-01-17,Temu,
2,5,200.0,False,2026-03-04,Temu,
2,1,40.0,False,2026-03-26,Temu,
2,5,200.0,False,2026-04-06,Temu,
3,2,90.0,True,2026-01-11,Temu,
3,1,45.0,False,2026-02-07,Temu,
3,3,135.0,False,2026-03-20,Temu,
3,4,180.0,False,2026-03-25,Temu,
3,5,225.0,False,2026-03-25,Temu,
4,5,345.0,False,2026-01-19,Temu,
4,3,207.0,False,2026-03-03,Temu,
4,2,138.0,False,2026-03-29,Temu,
5,18,261.0,False,2026-01-22,JD,
5,12,174.0,False,2026-02-04,JD,
5,30,435.0,False,2026-02-09,JD,
5,10,145.0,False,2026-02-23,JD,
5,18,261.0,False,2026-02-23,JD,
5,30,435.0,False,2026-03-21,JD,
5,27,391.5,False,2026-04-04,JD,
5,20,290.0,False,2026-04-06,JD,
6,17,203.83,False,2026-01-18,Shopee,
6,5,59.95,False,2026-02-02,Shopee,
6,8,95.92,False,2026-02-27,Shopee,
6,30,359.7,False,2026-03-03,Shopee,
6,6,71.94,False,2026-03-08,Shopee,
6,8,95.92,False,2026-03-10,Shopee,
6,26,311.74,False,2026-03-13,Shopee,
6,15,179.85,False,2026-03-23,Shopee,
6,24,287.76,False,2026-03-28,Shopee,
6,18,215.82,False,2026-03-30,Shopee,
6,10,119.9,False,2026-04-08,Shopee,
7,5,190.0,False,2026-01-12,Temu,
7,5,190.0,False,2026-01-14,Temu,
7,5,190.0,False,2026-01-17,Temu,
7,7,266.0,False,2026-02-06,Temu,
7,3,114.0,False,2026-02-09,Temu,
7,6,228.0,False,2026-04-02,Temu,8
7,6,228.0,False,2026-04-02,Temu,
8,5,190.0,False,2026-01-20,Shopee,
8,9,342.0,False,2026-02-06,Shopee,
8,10,380.0,False,2026-02-15,Shopee,
8,6,228.0,False,2026-03-01,Shopee,
8,5,190.0,False,2026-04-07,Shopee,
9,6,168.0,False,2026-01-13,Shopee,
9,5,140.0,False,2026-02-07,Shopee,
9,5,140.0,False,2026-02-14,Shopee,
9,4,112.0,False,2026-02-15,Shopee,
9,3,84.0,False,2026-03-07,Shopee,
9,6,168.0,False,2026-03-10,Shopee,
9,6,168.0,False,2026-03-26,Shopee,
9,10,280.0,False,2026-04-07,Shopee,
10,2,70.0,False,2026-01-17,Facebook Marketplace,
10,9,315.0,False,2026-02-12,Facebook Marketplace,
10,9,315.0,False,2026-02-13,Facebook Marketplace,
10,10,350.0,False,2026-02-21,Facebook Marketplace,
10,5,175.0,False,2026-03-03,Facebook Marketplace,
10,8,280.0,False,2026-03-14,Facebook Marketplace,
11,8,280.0,False,2026-01-18,Shopee,
11,6,210.0,False,2026-02-16,Shopee,
11,9,315.0,False,2026-02-22,Shopee,
11,7,245.0,False,2026-03-06,Shopee,
11,6,210.0,True,2026-03-25,Shopee,
11,8,280.0,False,2026-03-31,Shopee,
12,9,306.0,False,2026-01-12,Taobao,
12,8,272.0,False,2026-01-17,Taobao,13
12,2,68.0,False,2026-02-06,Taobao,
12,3,102.0,False,2026-02-19,Taobao,
12,8,272.0,False,2026-03-21,Taobao,
12,10,340.0,False,2026-03-28,Taobao,
12,4,136.0,False,2026-03-29,Taobao,
12,9,306.0,False,2026-04-01,Taobao,
13,3,87.0,False,2026-01-12,Temu,
13,3,87.0,False,2026-01-16,Temu,
13,4,116.0,False,2026-02-16,Temu,
13,10,290.0,False,2026-03-01,Temu,
13,10,290.0,False,2026-03-04,Temu,
13,8,232.0,False,2026-03-08,Temu,
13,10,290.0,False,2026-03-11,Temu,
13,9,261.0,False,2026-03-16,Temu,
13,9,261.0,False,2026-04-01,Temu,
13,7,203.0,False,2026-04-06,Temu,
14,9,261.0,False,2026-01-23,Facebook Marketplace,
14,5,145.0,False,2026-01-23,Facebook Marketplace,
14,2,58.0,False,2026-02-05,Facebook Marketplace,
14,4,116.0,False,2026-02-12,Facebook Marketplace,
14,3,87.0,True,2026-02-14,Facebook Marketplace,
14,4,116.0,False,2026-02-22,Facebook Marketplace,
14,5,145.0,False,2026-03-05,Facebook Marketplace,
14,7,203.0,False,2026-03-15,Facebook Marketplace,
15,7,168.0,False,2026-01-13,JD,16
15,3,72.0,False,2026-01-16,JD,
15,9,216.0,False,2026-01-18,JD,
15,2,48.0,False,2026-02-17,JD,
15,5,120.0,False,2026-03-07,JD,
15,4,96.0,False,2026-03-09,JD,
15,7,168.0,False,2026-03-14,JD,16
16,16,239.84,False,2026-01-14,Taobao,
16,19,284.81,False,2026-01-25,Taobao,
16,30,449.7,False,2026-01-28,Taobao,
16,14,209.86,False,2026-01-29,Taobao,
16,11,164.89,False,2026-01-30,Taobao,
16,19,284.81,False,2026-02-01,Taobao,
16,17,254.83,False,2026-02-26,Taobao,
16,10,149.9,False,2026-03-02,Taobao,
16,9,134.91,False,2026-03-06,Taobao,17
16,20,299.8,False,2026-03-26,Taobao,
16,8,119.92,False,2026-03-29,Taobao,
16,8,119.92,False,2026-03-29,Taobao,
16,13,194.87,False,2026-04-07,Taobao,
17,1,58.0,False,2026-01-26,Shopee,
17,2,116.0,False,2026-02-20,Shopee,
17,4,232.0,False,2026-03-24,Shopee,
18,1,66.0,False,2026-01-16,JD,
18,5,330.0,False,2026-02-13,JD,
18,1,66.0,False,2026-03-05,JD,
18,4,264.0,True,2026-03-28,JD,19
18,3,198.0,False,2026-03-31,JD,
19,2,100.0,False,2026-01-24,JD,
19,4,200.0,True,2026-02-06,JD,
19,3,150.0,False,2026-02-24,JD,
19,2,100.0,False,2026-03-15,JD,20
20,20,99.8,False,2026-01-12,Facebook Marketplace,
20,17,84.83,False,2026-02-15,Facebook Marketplace,21
20,6,29.94,False,2026-02-16,Facebook Marketplace,
20,19,94.81,False,2026-03-03,Facebook Marketplace,
20,15,74.85,False,2026-03-13,Facebook Marketplace,
20,16,79.84,False,2026-03-19,Facebook Marketplace,
20,16,79.84,False,2026-03-23,Facebook Marketplace,
20,12,59.88,False,2026-03-29,Facebook Marketplace,
20,12,59.88,False,2026-03-30,Facebook Marketplace,21
20,17,84.83,False,2026-03-31,Facebook Marketplace,
20,10,49.9,False,2026-04-01,Facebook Marketplace,
21,6,132.0,False,2026-02-16,Temu,22
21,7,154.0,False,2026-02-21,Temu,
21,6,132.0,False,2026-03-12,Temu,
21,2,44.0,False,2026-03-14,Temu,
21,5,110.0,False,2026-03-15,Temu,
21,4,88.0,False,2026-03-18,Temu,
21,8,176.0,False,2026-03-25,Temu,
21,2,44.0,False,2026-03-28,Temu,
22,5,79.95,False,2026-01-22,Taobao,
22,5,79.95,False,2026-01-26,Taobao,23
22,8,127.92,False,2026-02-08,Taobao,
22,4,63.96,True,2026-02-12,Taobao,
22,4,63.96,False,2026-02-12,Taobao,
22,9,143.91,False,2026-03-21,Taobao,
22,6,95.94,False,2026-03-25,Taobao,
22,3,47.97,False,2026-03-28,Taobao,
22,2,31.98,False,2026-04-08,Taobao,
23,21,283.29,False,2026-01-19,Taobao,24
23,23,310.27,False,2026-02-05,Taobao,
23,21,283.29,False,2026-02-09,Taobao,
23,10,134.9,False,2026-03-03,Taobao,
23,8,107.92,False,2026-03-07,Taobao,
23,20,269.8,False,2026-03-10,Taobao,
23,30,404.7,False,2026-03-17,Taobao,
23,18,242.82,False,2026-03-18,Taobao,24
23,19,256.31,False,2026-03-20,Taobao,
23,5,67.45,False,2026-03-26,Taobao,
23,28,377.72,False,2026-04-04,Taobao,24
23,18,242.82,False,2026-04-06,Taobao,24
23,6,80.94,False,2026-04-08,Taobao,24
24,30,420.0,False,2026-01-15,Taobao,
24,18,252.0,False,2026-02-22,Taobao,
24,29,406.0,False,2026-02-26,Taobao,
24,12,168.0,False,2026-03-04,Taobao,
24,30,420.0,False,2026-03-13,Taobao,25
24,18,252.0,False,2026-03-21,Taobao,
24,9,126.0,False,2026-03-30,Taobao,
24,15,210.0,False,2026-04-01,Taobao,
24,16,224.0,False,2026-04-04,Taobao,
24,11,154.0,False,2026-04-05,Taobao,
25,4,184.0,True,2026-01-09,JD,
25,3,138.0,False,2026-01-11,JD,
25,5,230.0,False,2026-03-11,JD,
25,2,92.0,False,2026-03-12,JD,26
25,2,92.0,False,2026-03-18,JD,
25,3,138.0,False,2026-03-20,JD,
25,4,184.0,False,2026-04-03,JD,
26,5,240.0,False,2026-01-18,Shopee,
26,1,48.0,False,2026-02-21,Shopee,
26,4,192.0,False,2026-03-27,Shopee,
26,4,192.0,False,2026-03-28,Shopee,
27,5,170.0,False,2026-01-26,Facebook Marketplace,
27,8,272.0,False,2026-02-16,Facebook Marketplace,
27,9,306.0,False,2026-02-19,Facebook Marketplace,
27,7,238.0,False,2026-03-05,Facebook Marketplace,
27,8,272.0,False,2026-03-26,Facebook Marketplace,
27,5,170.0,False,2026-03-27,Facebook Marketplace,
27,10,340.0,True,2026-04-02,Facebook Marketplace,
28,1,55.0,False,2026-01-11,Facebook Marketplace,
28,2,110.0,False,2026-02-21,Facebook Marketplace,
28,3,165.0,False,2026-04-01,Facebook Marketplace,
29,4,128.0,False,2026-01-31,Taobao,
29,7,224.0,False,2026-02-01,Taobao,
29,7,224.0,False,2026-03-12,Taobao,
29,5,160.0,False,2026-03-18,Taobao,
29,10,320.0,False,2026-03-21,Taobao,
29,9,288.0,False,2026-03-31,Taobao,
29,9,288.0,False,2026-04-01,Taobao,
29,5,160.0,False,2026-04-07,Taobao,
30,1,42.0,False,2026-01-09,Taobao,
30,3,126.0,False,2026-02-19,Taobao,
30,4,168.0,False,2026-03-08,Taobao,
30,2,84.0,False,2026-03-12,Taobao,
30,3,126.0,False,2026-03-24,Taobao,
31,7,98.0,False,2026-01-28,JD,
31,8,112.0,False,2026-02-05,JD,
31,18,252.0,False,2026-02-05,JD,
31,13,182.0,False,2026-02-22,JD,
31,24,336.0,False,2026-03-02,JD,
31,29,406.0,False,2026-03-06,JD,32
31,26,364.0,False,2026-03-06,JD,
31,24,336.0,False,2026-03-28,JD,
31,14,196.0,False,2026-03-30,JD,
31,30,420.0,False,2026-04-06,JD,
32,10,160.0,False,2026-01-12,Taobao,
32,3,48.0,False,2026-01-24,Taobao,
32,2,32.0,False,2026-01-25,Taobao,
32,7,112.0,False,2026-01-30,Taobao,
32,3,48.0,False,2026-02-11,Taobao,
32,2,32.0,False,2026-02-12,Taobao,33
32,2,32.0,False,2026-02-12,Taobao,
32,4,64.0,False,2026-02-20,Taobao,
32,2,32.0,False,2026-02-25,Taobao,
32,8,128.0,False,2026-03-04,Taobao,
33,18,180.0,False,2026-01-16,Shopee,
33,14,140.0,False,2026-01-18,Shopee,
33,30,300.0,False,2026-01-19,Shopee,
33,15,150.0,False,2026-01-21,Shopee,
33,7,70.0,False,2026-01-26,Shopee,
33,29,290.0,False,2026-02-25,Shopee,
33,10,100.0,False,2026-02-28,Shopee,
33,8,80.0,False,2026-03-08,Shopee,
33,11,110.0,False,2026-03-14,Shopee,
33,8,80.0,False,2026-03-22,Shopee,
33,14,140.0,False,2026-03-24,Shopee,
33,6,60.0,False,2026-03-25,Shopee,
33,9,90.0,False,2026-03-31,Shopee,
33,16,160.0,False,2026-04-08,Shopee,34
34,16,192.0,False,2026-01-16,JD,
34,10,120.0,False,2026-01-21,JD,
34,30,360.0,False,2026-01-29,JD,
34,23,276.0,True,2026-02-06,JD,
34,23,276.0,False,2026-02-07,JD,
34,11,132.0,False,2026-02-08,JD,
34,20,240.0,False,2026-02-09,JD,
34,6,72.0,False,2026-02-12,JD,
34,12,144.0,True,2026-02-27,JD,
34,15,180.0,False,2026-03-18,JD,
34,9,108.0,False,2026-03-23,JD,
34,30,360.0,False,2026-03-24,JD,
34,5,60.0,False,2026-04-03,JD,
35,3,75.0,False,2026-01-11,Taobao,
35,8,200.0,False,2026-01-13,Taobao,36
35,3,75.0,False,2026-02-11,Taobao,
35,9,225.0,False,2026-02-15,Taobao,
35,4,100.0,False,2026-02-18,Taobao,
36,10,240.0,False,2026-01-13,Taobao,
36,4,96.0,False,2026-01-19,Taobao,
36,4,96.0,False,2026-02-08,Taobao,
36,5,120.0,False,2026-02-16,Taobao,
36,8,192.0,False,2026-02-28,Taobao,
36,5,120.0,False,2026-03-10,Taobao,
36,6,144.0,False,2026-03-14,Taobao,
36,3,72.0,False,2026-03-23,Taobao,
37,12,107.88,False,2026-01-12,JD,
37,13,116.87,False,2026-01-15,JD,
37,29,260.71,False,2026-01-20,JD,
37,20,179.8,False,2026-01-29,JD,
37,24,215.76,False,2026-01-29,JD,
37,24,215.76,False,2026-02-05,JD,
37,27,242.73,False,2026-02-11,JD,
37,17,152.83,False,2026-02-14,JD,
37,11,98.89,False,2026-02-22,JD,
37,24,215.76,False,2026-02-22,JD,
37,21,188.79,False,2026-02-27,JD,
37,16,143.84,False,2026-03-20,JD,
37,14,125.86,False,2026-03-23,JD,
37,7,62.93,False,2026-03-25,JD,
37,15,134.85,False,2026-04-07,JD,
38,3,120.0,False,2026-01-15,Facebook Marketplace,
38,4,160.0,False,2026-01-26,Facebook Marketplace,
38,2,80.0,False,2026-01-28,Facebook Marketplace,
38,2,80.0,False,2026-02-03,Facebook Marketplace,39
38,4,160.0,False,2026-03-02,Facebook Marketplace,
39,4,172.0,False,2026-01-13,JD,
39,5,215.0,False,2026-02-24,JD,
39,1,43.0,False,2026-04-02,JD,
40,6,192.0,False,2026-01-18,Facebook Marketplace,41
40,4,128.0,False,2026-01-20,Facebook Marketplace,
40,7,224.0,False,2026-01-21,Facebook Marketplace,
40,3,96.0,False,2026-01-28,Facebook Marketplace,
40,2,64.0,True,2026-02-07,Facebook Marketplace,
40,4,128.0,False,2026-02-10,Facebook Marketplace,
40,6,192.0,False,2026-03-08,Facebook Marketplace,41
40,7,224.0,False,2026-03-13,Facebook Marketplace,
40,9,288.0,False,2026-03-15,Facebook Marketplace,
40,9,288.0,False,2026-04-01,Facebook Marketplace,
41,6,228.0,False,2026-01-09,Temu,
41,9,342.0,False,2026-01-11,Temu,
41,2,76.0,False,2026-01-13,Temu,
41,7,266.0,False,2026-01-20,Temu,
41,9,342.0,False,2026-01-22,Temu,
41,9,342.0,False,2026-03-01,Temu,
41,5,190.0,True,2026-03-02,Temu,
41,6,228.0,False,2026-03-20,Temu,
41,3,114.0,True,2026-03-21,Temu,
41,4,152.0,False,2026-03-27,Temu,
42,2,96.0,False,2026-01-10,JD,43
42,3,144.0,False,2026-01-12,JD,
42,3,144.0,False,2026-01-22,JD,
42,1,48.0,False,2026-02-14,JD,
42,5,240.0,True,2026-02-26,JD,
42,1,48.0,False,2026-03-04,JD,
42,5,240.0,False,2026-03-16,JD,
43,6,234.0,False,2026-01-20,Temu,
43,10,390.0,False,2026-02-05,Temu,
43,2,78.0,False,2026-02-06,Temu,
43,5,195.0,False,2026-02-20,Temu,
43,5,195.0,False,2026-02-20,Temu,
43,7,273.0,False,2026-02-22,Temu,
43,3,117.0,False,2026-02-24,Temu,
43,6,234.0,True,2026-03-01,Temu,
43,7,273.0,False,2026-04-03,Temu,
44,10,280.0,False,2026-02-04,Facebook Marketplace,
44,6,168.0,False,2026-02-05,Facebook Marketplace,
44,2,56.0,False,2026-02-17,Facebook Marketplace,
44,10,280.0,False,2026-02-22,Facebook Marketplace,
44,6,168.0,False,2026-03-02,Facebook Marketplace,
45,4,312.0,False,2026-01-20,Taobao,46
45,2,156.0,False,2026-01-26,Taobao,
45,5,390.0,False,2026-03-09,Taobao,
45,2,156.0,False,2026-03-14,Taobao,
45,5,390.0,False,2026-03-15,Taobao,
46,21,105.0,False,2026-01-14,Temu,
46,23,115.0,False,2026-01-16,Temu,
46,28,140.0,False,2026-01-26,Temu,
46,7,35.0,False,2026-01-27,Temu,
46,20,100.0,False,2026-01-30,Temu,
46,18,90.0,False,2026-02-01,Temu,
46,29,145.0,False,2026-02-11,Temu,
46,13,65.0,False,2026-03-15,Temu,
46,19,95.0,False,2026-03-23,Temu,47
46,17,85.0,False,2026-03-30,Temu,
47,26,104.0,False,2026-01-22,Facebook Marketplace,
47,22,88.0,False,2026-01-28,Facebook Marketplace,
47,16,64.0,False,2026-02-10,Facebook Marketplace,
47,14,56.0,False,2026-02-11,Facebook Marketplace,
47,17,68.0,False,2026-02-13,Facebook Marketplace,
47,26,104.0,False,2026-02-24,Facebook Marketplace,
47,30,120.0,False,2026-02-24,Facebook Marketplace,
47,11,44.0,False,2026-03-04,Facebook Marketplace,
47,30,120.0,False,2026-03-04,Facebook Marketplace,
47,27,108.0,False,2026-03-18,Facebook Marketplace,
47,25,100.0,True,2026-03-22,Facebook Marketplace,48
47,9,36.0,False,2026-03-24,Facebook Marketplace,
47,7,28.0,False,2026-03-28,Facebook Marketplace,
47,7,28.0,False,2026-04-02,Facebook Marketplace,
48,18,108.0,False,2026-01-17,Facebook Marketplace,
48,5,30.0,False,2026-02-06,Facebook Marketplace,
48,14,84.0,False,2026-02-07,Facebook Marketplace,
48,15,90.0,False,2026-02-11,Facebook Marketplace,
48,20,120.0,False,2026-02-18,Facebook Marketplace,
48,23,138.0,False,2026-02-26,Facebook Marketplace,
48,26,156.0,False,2026-03-31,Facebook Marketplace,
48,28,168.0,False,2026-04-05,Facebook Marketplace,
48,13,78.0,False,2026-04-08,Facebook Marketplace,
49,6,48.0,False,2026-01-15,Temu,
49,25,200.0,False,2026-01-21,Temu,
49,13,104.0,False,2026-01-26,Temu,
49,30,240.0,False,2026-01-29,Temu,50
49,8,64.0,False,2026-02-10,Temu,
49,24,192.0,False,2026-02-16,Temu,
49,25,200.0,False,2026-02-18,Temu,
49,14,112.0,False,2026-02-28,Temu,
49,20,160.0,False,2026-03-12,Temu,
49,7,56.0,False,2026-03-16,Temu,
49,25,200.0,False,2026-03-18,Temu,
49,25,200.0,False,2026-03-21,Temu,
49,25,200.0,False,2026-03-22,Temu,
49,7,56.0,False,2026-03-30,Temu,
49,15,120.0,False,2026-04-07,Temu,
50,22,154.0,True,2026-01-09,Shopee,
50,29,203.0,False,2026-01-10,Shopee,51
50,18,126.0,False,2026-01-26,Shopee,
50,30,210.0,True,2026-01-28,Shopee,
50,18,126.0,False,2026-02-11,Shopee,
50,12,84.0,False,2026-02-14,Shopee,
50,17,119.0,False,2026-02-16,Shopee,
50,7,49.0,False,2026-02-22,Shopee,
50,29,203.0,False,2026-02-24,Shopee,
50,27,189.0,False,2026-03-02,Shopee,
50,28,196.0,False,2026-03-10,Shopee,
50,11,77.0,False,2026-03-16,Shopee,
51,9,36.0,False,2026-01-10,Shopee,52
51,10,40.0,False,2026-01-14,Shopee,
51,15,60.0,False,2026-02-09,Shopee,
51,25,100.0,False,2026-02-28,Shopee,
51,9,36.0,False,2026-03-10,Shopee,
51,9,36.0,False,2026-03-24,Shopee,
51,22,88.0,False,2026-03-26,Shopee,
51,30,120.0,False,2026-04-07,Shopee,
51,5,20.0,False,2026-04-07,Shopee,
52,6,60.0,False,2026-01-10,Temu,
52,18,180.0,False,2026-01-15,Temu,
52,6,60.0,False,2026-01-18,Temu,
52,6,60.0,False,2026-01-19,Temu,
52,7,70.0,False,2026-02-04,Temu,
52,8,80.0,False,2026-02-06,Temu,
52,17,170.0,False,2026-02-24,Temu,
52,12,120.0,False,2026-03-09,Temu,
52,22,220.0,False,2026-03-12,Temu,
52,8,80.0,False,2026-03-27,Temu,
52,26,260.0,False,2026-03-31,Temu,
52,8,80.0,False,2026-04-02,Temu,
53,8,56.0,False,2026-01-16,Facebook Marketplace,
53,25,175.0,False,2026-01-19,Facebook Marketplace,
53,25,175.0,False,2026-02-20,Facebook Marketplace,
53,14,98.0,False,2026-02-22,Facebook Marketplace,
53,23,161.0,False,2026-02-26,Facebook Marketplace,
53,12,84.0,False,2026-03-03,Facebook Marketplace,
53,17,119.0,False,2026-03-05,Facebook Marketplace,
53,23,161.0,False,2026-03-23,Facebook Marketplace,
54,6,42.0,False,2026-01-16,JD,
54,7,49.0,False,2026-01-30,JD,
54,26,182.0,False,2026-02-03,JD,
54,14,98.0,False,2026-02-10,JD,
54,12,84.0,False,2026-02-12,JD,
54,27,189.0,False,2026-02-14,JD,
54,24,168.0,False,2026-03-29,JD,
54,21,147.0,False,2026-04-08,JD,
55,4,112.0,True,2026-01-22,Taobao,
55,6,168.0,False,2026-01-25,Taobao,
55,5,140.0,False,2026-01-28,Taobao,56
55,3,84.0,False,2026-02-02,Taobao,
55,10,280.0,False,2026-02-13,Taobao,
55,7,196.0,False,2026-02-16,Taobao,
55,9,252.0,False,2026-03-06,Taobao,
55,2,56.0,False,2026-03-31,Taobao,
56,10,50.0,False,2026-01-19,Taobao,
56,29,145.0,False,2026-01-23,Taobao,
56,26,130.0,False,2026-02-24,Taobao,
56,9,45.0,False,2026-02-27,Taobao,
56,18,90.0,False,2026-03-07,Taobao,
56,19,95.0,False,2026-03-15,Taobao,
56,9,45.0,False,2026-03-17,Taobao,57
56,29,145.0,False,2026-03-28,Taobao,
56,20,100.0,False,2026-03-31,Taobao,57
57,1,48.0,False,2026-01-12,JD,
57,5,240.0,False,2026-01-24,JD,
57,3,144.0,False,2026-03-09,JD,
58,18,197.82,False,2026-01-13,Taobao,
58,16,175.84,False,2026-01-23,Taobao,
58,11,120.89,False,2026-02-01,Taobao,
58,16,175.84,False,2026-02-12,Taobao,
58,7,76.93,False,2026-02-17,Taobao,59
58,20,219.8,False,2026-02-18,Taobao,
58,15,164.85,False,2026-02-27,Taobao,
58,21,230.79,False,2026-03-23,Taobao,
58,29,318.71,False,2026-03-26,Taobao,
58,21,230.79,False,2026-03-27,Taobao,
59,5,170.0,False,2026-02-17,Shopee,
59,10,340.0,False,2026-02-20,Shopee,
59,9,306.0,False,2026-02-23,Shopee,60
59,9,306.0,False,2026-03-07,Shopee,
59,9,306.0,False,2026-03-25,Shopee,
59,4,136.0,False,2026-03-28,Shopee,
59,7,238.0,False,2026-03-30,Shopee,
59,7,238.0,False,2026-04-07,Shopee,
59,9,306.0,False,2026-04-08,Shopee,60
60,9,189.0,False,2026-02-15,Facebook Marketplace,
60,7,147.0,False,2026-02-27,Facebook Marketplace,
60,6,126.0,False,2026-03-07,Facebook Marketplace,
60,7,147.0,False,2026-03-18,Facebook Marketplace,
60,10,210.0,False,2026-03-23,Facebook Marketplace,
60,6,126.0,False,2026-03-28,Facebook Marketplace,
61,3,90.0,False,2026-01-19,Shopee,
61,6,180.0,False,2026-01-20,Shopee,
61,10,300.0,False,2026-02-09,Shopee,
61,10,300.0,False,2026-02-13,Shopee,
61,7,210.0,False,2026-03-09,Shopee,
61,6,180.0,False,2026-03-10,Shopee,62
61,6,180.0,False,2026-03-16,Shopee,
61,2,60.0,False,2026-03-16,Shopee,
61,2,60.0,False,2026-03-28,Shopee,
62,3,120.0,False,2026-02-12,JD,63
62,5,200.0,False,2026-02-20,JD,
62,2,80.0,False,2026-03-05,JD,
62,2,80.0,False,2026-03-28,JD,
62,2,80.0,False,2026-04-02,JD,63
63,4,136.0,False,2026-01-22,Temu,
63,3,102.0,False,2026-01-31,Temu,
63,3,102.0,True,2026-02-28,Temu,64
63,6,204.0,False,2026-03-12,Temu,64
63,9,306.0,False,2026-03-28,Temu,
63,2,68.0,False,2026-04-01,Temu,
64,4,96.0,False,2026-01-10,JD,65
64,3,72.0,False,2026-01-15,JD,
64,5,120.0,False,2026-01-21,JD,
64,7,168.0,False,2026-01-25,JD,
64,8,192.0,False,2026-01-31,JD,
64,10,240.0,False,2026-02-17,JD,
64,5,120.0,False,2026-03-08,JD,
64,7,168.0,False,2026-03-28,JD,
64,8,192.0,False,2026-03-30,JD,
64,4,96.0,False,2026-04-02,JD,
65,8,304.0,False,2026-01-18,Facebook Marketplace,
65,7,266.0,False,2026-01-23,Facebook Marketplace,
65,5,190.0,False,2026-02-08,Facebook Marketplace,
65,5,190.0,False,2026-02-19,Facebook Marketplace,
65,9,342.0,False,2026-03-06,Facebook Marketplace,66
65,8,304.0,False,2026-03-15,Facebook Marketplace,
65,9,342.0,False,2026-03-24,Facebook Marketplace,
65,9,342.0,False,2026-03-25,Facebook Marketplace,
66,7,182.0,False,2026-01-09,Temu,
66,6,156.0,False,2026-01-18,Temu,
66,5,130.0,False,2026-02-27,Temu,67
66,7,182.0,False,2026-03-09,Temu,67
66,7,182.0,False,2026-03-30,Temu,
66,7,182.0,False,2026-03-30,Temu,67
66,7,182.0,False,2026-03-31,Temu,
67,9,270.0,False,2026-01-25,Temu,
67,2,60.0,False,2026-01-30,Temu,
67,4,120.0,False,2026-02-07,Temu,
67,10,300.0,False,2026-02-11,Temu,
67,4,120.0,False,2026-02-16,Temu,
67,7,210.0,False,2026-02-17,Temu,
67,7,210.0,False,2026-03-06,Temu,
67,2,60.0,False,2026-03-08,Temu,
67,4,120.0,False,2026-03-22,Temu,
68,9,324.0,False,2026-01-20,JD,
68,8,288.0,False,2026-02-05,JD,
68,3,108.0,False,2026-02-17,JD,
68,10,360.0,False,2026-03-03,JD,69
68,8,288.0,False,2026-03-06,JD,
68,6,216.0,False,2026-03-07,JD,
68,4,144.0,False,2026-03-21,JD,
69,21,231.0,False,2026-01-10,Temu,
69,18,198.0,False,2026-01-21,Temu,
69,8,88.0,False,2026-01-26,Temu,
69,11,121.0,False,2026-01-27,Temu,
69,27,297.0,False,2026-02-12,Temu,
69,22,242.0,False,2026-02-23,Temu,
69,30,330.0,False,2026-02-24,Temu,
69,7,77.0,False,2026-03-18,Temu,
69,5,55.0,False,2026-03-24,Temu,
69,16,176.0,False,2026-04-06,Temu,
69,24,264.0,False,2026-04-07,Temu,
69,10,110.0,False,2026-04-08,Temu,70
70,4,180.0,False,2026-01-23,Taobao,
70,5,225.0,False,2026-01-24,Taobao,71
70,4,180.0,False,2026-01-26,Taobao,
70,5,225.0,False,2026-03-09,Taobao,
70,4,180.0,False,2026-03-16,Taobao,
71,10,380.0,False,2026-02-03,Taobao,
71,10,380.0,True,2026-02-11,Taobao,
71,8,304.0,False,2026-02-15,Taobao,
71,9,342.0,False,2026-03-09,Taobao,
71,9,342.0,True,2026-03-12,Taobao,
71,6,228.0,False,2026-03-13,Taobao,
71,8,304.0,False,2026-03-14,Taobao,
71,9,342.0,False,2026-04-03,Taobao,
72,10,260.0,False,2026-01-18,Facebook Marketplace,
72,6,156.0,False,2026-01-30,Facebook Marketplace,
72,5,130.0,False,2026-02-03,Facebook Marketplace,
72,3,78.0,False,2026-02-16,Facebook Marketplace,
72,10,260.0,False,2026-02-21,Facebook Marketplace,
72,3,78.0,False,2026-02-24,Facebook Marketplace,
72,6,156.0,False,2026-03-05,Facebook Marketplace,
72,5,130.0,False,2026-03-13,Facebook Marketplace,
72,10,260.0,False,2026-03-28,Facebook Marketplace,
72,4,104.0,False,2026-03-31,Facebook Marketplace,
73,9,126.0,False,2026-01-20,Facebook Marketplace,
73,13,182.0,False,2026-01-24,Facebook Marketplace,
73,23,322.0,False,2026-02-05,Facebook Marketplace,
73,27,378.0,False,2026-02-08,Facebook Marketplace,
73,18,252.0,False,2026-02-08,Facebook Marketplace,
73,13,182.0,False,2026-02-18,Facebook Marketplace,
73,16,224.0,False,2026-02-20,Facebook Marketplace,
73,14,196.0,True,2026-02-27,Facebook Marketplace,
73,24,336.0,True,2026-03-04,Facebook Marketplace,
73,30,420.0,False,2026-03-13,Facebook Marketplace,
73,30,420.0,False,2026-03-24,Facebook Marketplace,
73,17,238.0,False,2026-03-26,Facebook Marketplace,
74,2,78.0,False,2026-01-30,Shopee,
74,6,234.0,False,2026-02-03,Shopee,
74,4,156.0,False,2026-02-11,Shopee,
74,10,390.0,False,2026-03-09,Shopee,
74,9,351.0,False,2026-04-08,Shopee,
75,2,84.0,False,2026-02-11,Taobao,
75,2,84.0,False,2026-02-18,Taobao,
75,4,168.0,False,2026-03-05,Taobao,
75,2,84.0,False,2026-03-16,Taobao,
75,2,84.0,False,2026-03-28,Taobao,
76,3,102.0,True,2026-01-18,Taobao,
76,8,272.0,False,2026-01-20,Taobao,
76,4,136.0,False,2026-01-31,Taobao,
76,8,272.0,False,2026-02-08,Taobao,
76,4,136.0,False,2026-02-10,Taobao,77
76,7,238.0,False,2026-02-26,Taobao,
76,8,272.0,False,2026-03-01,Taobao,
76,8,272.0,False,2026-03-01,Taobao,
76,7,238.0,False,2026-03-20,Taobao,
76,8,272.0,False,2026-03-27,Taobao,
77,27,162.0,False,2026-01-09,Facebook Marketplace,
77,28,168.0,False,2026-01-10,Facebook Marketplace,
77,24,144.0,False,2026-01-23,Facebook Marketplace,
77,27,162.0,False,2026-01-30,Facebook Marketplace,
77,17,102.0,False,2026-02-28,Facebook Marketplace,78
77,9,54.0,True,2026-03-08,Facebook Marketplace,
77,5,30.0,False,2026-03-11,Facebook Marketplace,
77,5,30.0,False,2026-04-02,Facebook Marketplace,
78,24,276.0,False,2026-01-20,JD,
78,20,230.0,False,2026-01-25,JD,
78,6,69.0,False,2026-01-29,JD,
78,13,149.5,False,2026-01-29,JD,
78,21,241.5,True,2026-01-31,JD,79
78,18,207.0,False,2026-02-03,JD,
78,22,253.0,False,2026-02-04,JD,
78,15,172.5,False,2026-02-14,JD,
78,29,333.5,False,2026-03-10,JD,
78,9,103.5,False,2026-03-11,JD,
78,24,276.0,False,2026-03-29,JD,
78,19,218.5,False,2026-04-04,JD,
78,29,333.5,False,2026-04-07,JD,
79,9,162.0,False,2026-01-27,Facebook Marketplace,
79,8,144.0,False,2026-02-04,Facebook Marketplace,
79,3,54.0,True,2026-03-01,Facebook Marketplace,
79,4,72.0,False,2026-03-07,Facebook Marketplace,
79,5,90.0,False,2026-03-19,Facebook Marketplace,
79,10,180.0,False,2026-03-28,Facebook Marketplace,
79,2,36.0,True,2026-03-29,Facebook Marketplace,
79,6,108.0,False,2026-04-01,Facebook Marketplace,
79,8,144.0,False,2026-04-08,Facebook Marketplace,
80,3,55.5,False,2026-01-14,Temu,
80,6,111.0,False,2026-01-23,Temu,81
80,4,74.0,False,2026-01-24,Temu,
80,2,37.0,False,2026-01-28,Temu,
80,6,111.0,False,2026-02-15,Temu,
80,9,166.5,True,2026-02-25,Temu,
80,3,55.5,False,2026-03-02,Temu,
80,6,111.0,False,2026-03-16,Temu,
80,8,148.0,False,2026-03-23,Temu,
81,5,270.0,False,2026-01-15,JD,
81,5,270.0,False,2026-02-03,JD,
81,1,54.0,False,2026-02-08,JD,
82,10,340.0,False,2026-01-26,Shopee,
82,7,238.0,False,2026-02-04,Shopee,
82,9,306.0,False,2026-02-13,Shopee,
82,7,238.0,False,2026-03-05,Shopee,
82,7,238.0,True,2026-03-21,Shopee,
83,10,240.0,False,2026-01-11,JD,
83,9,216.0,True,2026-01-17,JD,
83,2,48.0,False,2026-01-25,JD,
83,8,192.0,False,2026-02-02,JD,
83,9,216.0,False,2026-02-07,JD,
83,2,48.0,False,2026-02-11,JD,
83,6,144.0,False,2026-02-13,JD,
83,7,168.0,True,2026-03-16,JD,
83,3,72.0,False,2026-03-22,JD,
83,5,120.0,False,2026-04-05,JD,
84,3,102.0,False,2026-02-02,Taobao,
84,3,102.0,False,2026-02-20,Taobao,
84,4,136.0,False,2026-03-08,Taobao,
84,8,272.0,False,2026-03-16,Taobao,
84,4,136.0,False,2026-03-25,Taobao,
85,1,67.0,False,2026-01-09,Shopee,
85,4,268.0,False,2026-01-10,Shopee,
85,3,201.0,True,2026-01-18,Shopee,86
85,2,134.0,False,2026-02-01,Shopee,
85,3,201.0,False,2026-02-23,Shopee,
85,5,335.0,False,2026-02-24,Shopee,
86,2,134.0,False,2026-01-17,Temu,
86,5,335.0,False,2026-01-19,Temu,
86,2,134.0,False,2026-02-04,Temu,
86,4,268.0,False,2026-03-10,Temu,
86,3,201.0,False,2026-03-28,Temu,
86,5,335.0,False,2026-04-03,Temu,
87,5,140.0,False,2026-02-10,JD,
87,10,280.0,False,2026-02-13,JD,88
87,6,168.0,False,2026-02-16,JD,
87,8,224.0,False,2026-02-20,JD,
87,2,56.0,False,2026-04-05,JD,
87,4,112.0,False,2026-04-06,JD,
88,9,243.0,True,2026-01-13,JD,
88,8,216.0,False,2026-01-20,JD,
88,10,270.0,False,2026-01-22,JD,89
88,10,270.0,True,2026-01-30,JD,
88,8,216.0,False,2026-01-31,JD,
88,4,108.0,False,2026-03-20,JD,
88,3,81.0,False,2026-04-05,JD,
89,4,72.0,False,2026-01-10,Shopee,
89,9,162.0,False,2026-01-13,Shopee,90
89,5,90.0,False,2026-01-23,Shopee,
89,9,162.0,False,2026-02-02,Shopee,
89,4,72.0,False,2026-02-10,Shopee,
89,4,72.0,False,2026-02-21,Shopee,
89,8,144.0,False,2026-02-26,Shopee,
89,2,36.0,False,2026-02-28,Shopee,
89,7,126.0,False,2026-03-01,Shopee,
89,10,180.0,False,2026-03-09,Shopee,
90,5,80.0,False,2026-02-26,Facebook Marketplace,
90,2,32.0,False,2026-03-07,Facebook Marketplace,
90,3,48.0,False,2026-03-15,Facebook Marketplace,
90,5,80.0,False,2026-03-24,Facebook Marketplace,91
90,7,112.0,False,2026-03-27,Facebook Marketplace,
91,14,189.0,False,2026-01-11,Temu,
91,7,94.5,False,2026-01-19,Temu,
91,11,148.5,False,2026-01-28,Temu,
91,5,67.5,False,2026-01-31,Temu,
91,16,216.0,False,2026-02-10,Temu,
91,17,229.5,False,2026-02-16,Temu,
91,20,270.0,False,2026-02-17,Temu,
91,7,94.5,False,2026-02-26,Temu,92
91,8,108.0,False,2026-02-26,Temu,
91,11,148.5,False,2026-03-04,Temu,
91,29,391.5,False,2026-03-08,Temu,
91,21,283.5,False,2026-03-09,Temu,
91,16,216.0,False,2026-03-18,Temu,
91,18,243.0,False,2026-03-20,Temu,
91,6,81.0,False,2026-03-26,Temu,
92,3,45.0,False,2026-01-19,JD,
92,7,105.0,True,2026-01-22,JD,
92,9,135.0,False,2026-01-30,JD,
92,2,30.0,False,2026-02-15,JD,
92,2,30.0,False,2026-03-06,JD,
92,2,30.0,False,2026-03-29,JD,
92,6,90.0,False,2026-03-30,JD,
92,7,105.0,False,2026-03-31,JD,
93,3,114.0,False,2026-02-06,Taobao,
93,9,342.0,False,2026-02-10,Taobao,
93,5,190.0,False,2026-02-13,Taobao,
93,3,114.0,False,2026-02-27,Taobao,
93,8,304.0,False,2026-03-10,Taobao,
93,8,304.0,False,2026-04-04,Taobao,
93,3,114.0,False,2026-04-04,Taobao,
94,7,126.0,False,2026-01-21,Shopee,
94,2,36.0,False,2026-01-25,Shopee,
94,9,162.0,False,2026-02-02,Shopee,
94,9,162.0,False,2026-02-28,Shopee,
94,4,72.0,False,2026-03-20,Shopee,
94,5,90.0,False,2026-04-08,Shopee,95
94,3,54.0,False,2026-04-08,Shopee,
95,3,51.0,False,2026-01-11,Taobao,
95,3,51.0,False,2026-02-01,Taobao,
95,3,51.0,False,2026-02-28,Taobao,
95,4,68.0,True,2026-03-01,Taobao,
95,7,119.0,False,2026-03-12,Taobao,
95,5,85.0,False,2026-03-17,Taobao,96
95,6,102.0,False,2026-03-18,Taobao,96
95,3,51.0,False,2026-03-21,Taobao,
95,10,170.0,False,2026-04-08,Taobao,
96,3,48.0,False,2026-01-12,Temu,
96,7,112.0,False,2026-01-18,Temu,
96,7,112.0,False,2026-01-24,Temu,
96,5,80.0,False,2026-02-09,Temu,97
96,5,80.0,False,2026-02-12,Temu,
96,3,48.0,False,2026-02-26,Temu,
96,6,96.0,False,2026-03-18,Temu,
96,3,48.0,False,2026-03-27,Temu,
97,12,131.88,False,2026-01-14,Facebook Marketplace,
97,9,98.91,False,2026-01-30,Facebook Marketplace,
97,18,197.82,False,2026-02-09,Facebook Marketplace,
97,8,87.92,False,2026-02-22,Facebook Marketplace,
97,22,241.78,False,2026-03-07,Facebook Marketplace,
97,14,153.86,False,2026-03-17,Facebook Marketplace,
97,11,120.89,True,2026-03-17,Facebook Marketplace,
97,17,186.83,False,2026-03-18,Facebook Marketplace,
97,25,274.75,False,2026-03-27,Facebook Marketplace,
97,19,208.81,False,2026-03-27,Facebook Marketplace,
97,6,65.94,False,2026-04-03,Facebook Marketplace,
97,15,164.85,False,2026-04-05,Facebook Marketplace,
97,16,175.84,False,2026-04-06,Facebook Marketplace,
97,16,175.84,True,2026-04-08,Facebook Marketplace,
98,27,296.73,False,2026-01-23,JD,
98,28,307.72,False,2026-02-03,JD,
98,23,252.77,False,2026-02-09,JD,
98,8,87.92,False,2026-02-09,JD,99
98,11,120.89,False,2026-02-11,JD,
98,24,263.76,False,2026-02-13,JD,
98,17,186.83,False,2026-03-04,JD,
98,25,274.75,False,2026-03-10,JD,
98,18,197.82,False,2026-04-04,JD,
98,25,274.75,False,2026-04-08,JD,
99,13,142.87,False,2026-01-11,JD,
99,6,65.94,False,2026-01-17,JD,100
99,27,296.73,False,2026-01-24,JD,
99,20,219.8,False,2026-01-30,JD,
99,7,76.93,False,2026-02-24,JD,
99,17,186.83,False,2026-03-03,JD,
99,24,263.76,False,2026-03-05,JD,
99,10,109.9,False,2026-03-07,JD,
99,5,54.95,False,2026-03-11,JD,
99,19,208.81,False,2026-03-14,JD,
99,13,142.87,False,2026-03-17,JD,
99,27,296.73,False,2026-03-26,JD,
99,12,131.88,True,2026-03-30,JD,
100,2,76.0,False,2026-01-21,Facebook Marketplace,
100,2,76.0,False,2026-01-26,Facebook Marketplace,101
100,2,76.0,False,2026-03-01,Facebook Marketplace,
100,6,228.0,False,2026-03-08,Facebook Marketplace,
100,2,76.0,False,2026-03-17,Facebook Marketplace,101
100,3,114.0,False,2026-04-01,Facebook Marketplace,
101,8,135.92,False,2026-01-20,Taobao,
101,7,118.93,False,2026-01-25,Taobao,
101,5,84.95,False,2026-01-27,Taobao,
101,10,169.9,False,2026-02-01,Taobao,
101,5,84.95,False,2026-02-13,Taobao,
101,8,135.92,False,2026-02-18,Taobao,
101,5,84.95,False,2026-02-19,Taobao,
101,2,33.98,False,2026-02-23,Taobao,
101,7,118.93,False,2026-02-27,Taobao,
101,3,50.97,False,2026-03-13,Taobao,
102,9,297.0,False,2026-01-16,Shopee,
102,8,264.0,False,2026-01-18,Shopee,
102,7,231.0,False,2026-02-01,Shopee,
102,3,99.0,False,2026-02-06,Shopee,
102,7,231.0,True,2026-02-28,Shopee,
102,10,330.0,False,2026-03-21,Shopee,
102,2,66.0,False,2026-03-27,Shopee,
102,10,330.0,False,2026-03-29,Shopee,
103,9,216.0,False,2026-01-18,Facebook Marketplace,104
103,6,144.0,False,2026-01-28,Facebook Marketplace,
103,3,72.0,False,2026-02-04,Facebook Marketplace,
103,4,96.0,False,2026-02-08,Facebook Marketplace,
103,6,144.0,False,2026-02-27,Facebook Marketplace,
103,3,72.0,False,2026-03-22,Facebook Marketplace,
103,6,144.0,False,2026-03-27,Facebook Marketplace,
103,9,216.0,False,2026-03-28,Facebook Marketplace,
103,3,72.0,False,2026-03-30,Facebook Marketplace,
103,7,168.0,False,2026-04-06,Facebook Marketplace,
104,7,224.0,False,2026-01-15,Taobao,
104,5,160.0,False,2026-01-20,Taobao,
104,9,288.0,False,2026-02-01,Taobao,
104,8,256.0,False,2026-02-05,Taobao,
104,8,256.0,False,2026-02-11,Taobao,
104,5,160.0,False,2026-03-04,Taobao,
104,4,128.0,False,2026-03-17,Taobao,
104,7,224.0,True,2026-04-04,Taobao,
105,5,195.0,False,2026-01-09,Shopee,
105,6,234.0,False,2026-01-24,Shopee,
105,8,312.0,False,2026-02-22,Shopee,106
105,8,312.0,True,2026-02-25,Shopee,106
105,7,273.0,False,2026-02-28,Shopee,
105,7,273.0,False,2026-03-02,Shopee,
105,8,312.0,False,2026-03-09,Shopee,
105,5,195.0,False,2026-04-01,Shopee,
106,7,154.0,False,2026-01-18,Facebook Marketplace,
106,3,66.0,False,2026-01-20,Facebook Marketplace,107
106,3,66.0,False,2026-01-22,Facebook Marketplace,
106,5,110.0,False,2026-01-24,Facebook Marketplace,
106,7,154.0,False,2026-01-27,Facebook Marketplace,
106,4,88.0,False,2026-02-01,Facebook Marketplace,107
106,4,88.0,False,2026-02-11,Facebook Marketplace,
106,2,44.0,False,2026-02-14,Facebook Marketplace,
106,7,154.0,False,2026-03-13,Facebook Marketplace,
107,9,261.0,False,2026-01-10,Shopee,
107,5,145.0,False,2026-01-10,Shopee,
107,5,145.0,False,2026-01-24,Shopee,
107,6,174.0,False,2026-02-05,Shopee,
107,3,87.0,False,2026-02-18,Shopee,
107,8,232.0,False,2026-02-20,Shopee,
107,5,145.0,True,2026-04-07,Shopee,
108,9,351.0,False,2026-01-24,JD,
108,5,195.0,False,2026-01-25,JD,
108,6,234.0,False,2026-01-26,JD,
108,5,195.0,False,2026-01-27,JD,
108,3,117.0,False,2026-01-30,JD,
108,5,195.0,False,2026-02-18,JD,
108,5,195.0,False,2026-03-02,JD,109
108,9,351.0,False,2026-03-08,JD,109
108,5,195.0,False,2026-03-24,JD,
108,9,351.0,False,2026-03-24,JD,
109,3,66.0,False,2026-01-17,Taobao,
109,8,176.0,False,2026-02-08,Taobao,
109,6,132.0,False,2026-02-12,Taobao,
109,5,110.0,False,2026-03-18,Taobao,
109,6,132.0,False,2026-03-23,Taobao,110
110,8,272.0,False,2026-01-31,Taobao,
110,5,170.0,True,2026-02-11,Taobao,
110,7,238.0,False,2026-02-20,Taobao,
110,9,306.0,False,2026-02-22,Taobao,
110,7,238.0,False,2026-02-28,Taobao,
110,9,306.0,False,2026-03-07,Taobao,
110,4,136.0,False,2026-03-17,Taobao,
110,10,340.0,False,2026-03-19,Taobao,
110,6,204.0,False,2026-04-05,Taobao,
110,9,306.0,True,2026-04-05,Taobao,
111,3,129.0,False,2026-01-21,Shopee,
111,1,43.0,False,2026-02-20,Shopee,
111,5,215.0,False,2026-03-26,Shopee,112
112,6,108.0,False,2026-02-03,Facebook Marketplace,
112,9,162.0,False,2026-03-10,Facebook Marketplace,
112,8,144.0,False,2026-03-11,Facebook Marketplace,
112,8,144.0,False,2026-03-15,Facebook Marketplace,
112,6,108.0,False,2026-03-19,Facebook Marketplace,
112,2,36.0,False,2026-04-08,Facebook Marketplace,113
113,21,188.79,False,2026-01-09,Facebook Marketplace,
113,23,206.77,False,2026-01-18,Facebook Marketplace,
113,16,143.84,False,2026-02-01,Facebook Marketplace,
113,9,80.91,False,2026-02-21,Facebook Marketplace,
113,25,224.75,False,2026-02-24,Facebook Marketplace,114
113,7,62.93,False,2026-03-02,Facebook Marketplace,
113,8,71.92,False,2026-03-19,Facebook Marketplace,
113,24,215.76,False,2026-03-22,Facebook Marketplace,114
113,14,125.86,False,2026-04-01,Facebook Marketplace,
113,27,242.73,False,2026-04-06,Facebook Marketplace,
114,7,56.0,False,2026-01-16,Temu,
114,28,224.0,False,2026-02-02,Temu,
114,22,176.0,False,2026-02-07,Temu,
114,5,40.0,False,2026-02-08,Temu,
114,6,48.0,False,2026-02-21,Temu,
114,10,80.0,False,2026-02-23,Temu,
114,24,192.0,False,2026-02-25,Temu,
114,14,112.0,False,2026-03-05,Temu,
114,26,208.0,False,2026-03-28,Temu,115
115,18,161.82,False,2026-01-12,Shopee,
115,28,251.72,False,2026-01-12,Shopee,
115,22,197.78,False,2026-01-13,Shopee,
115,26,233.74,False,2026-02-05,Shopee,
115,22,197.78,False,2026-02-11,Shopee,
115,23,206.77,False,2026-02-21,Shopee,
115,17,152.83,False,2026-02-21,Shopee,
115,12,107.88,False,2026-02-22,Shopee,116
115,30,269.7,False,2026-03-19,Shopee,
115,12,107.88,False,2026-03-25,Shopee,
115,23,206.77,False,2026-03-27,Shopee,
115,16,143.84,False,2026-03-29,Shopee,
116,23,206.77,False,2026-01-13,JD,
116,22,197.78,False,2026-01-18,JD,
116,21,188.79,False,2026-01-19,JD,
116,26,233.74,False,2026-01-28,JD,
116,13,116.87,False,2026-02-05,JD,
116,12,107.88,False,2026-02-06,JD,
116,16,143.84,False,2026-02-26,JD,
116,8,71.92,False,2026-02-26,JD,
116,18,161.82,False,2026-03-14,JD,
116,21,188.79,False,2026-03-22,JD,
116,20,179.8,False,2026-03-24,JD,
116,18,161.82,False,2026-04-02,JD,
116,9,80.91,False,2026-04-03,JD,
117,15,134.85,False,2026-01-14,Facebook Marketplace,
117,8,71.92,False,2026-01-27,Facebook Marketplace,
117,12,107.88,False,2026-01-31,Facebook Marketplace,
117,13,116.87,False,2026-02-04,Facebook Marketplace,
117,12,107.88,False,2026-02-13,Facebook Marketplace,
117,11,98.89,False,2026-02-18,Facebook Marketplace,
117,10,89.9,True,2026-02-19,Facebook Marketplace,
117,22,197.78,False,2026-02-27,Facebook Marketplace,
117,20,179.8,False,2026-03-05,Facebook Marketplace,118
117,11,98.89,False,2026-03-16,Facebook Marketplace,
117,18,161.82,False,2026-03-23,Facebook Marketplace,
117,19,170.81,False,2026-03-28,Facebook Marketplace,
118,25,250.0,False,2026-02-08,Shopee,
118,10,100.0,False,2026-02-11,Shopee,
118,14,140.0,False,2026-02-26,Shopee,
118,25,250.0,False,2026-03-03,Shopee,
118,20,200.0,False,2026-03-24,Shopee,
118,29,290.0,False,2026-03-28,Shopee,
118,19,190.0,False,2026-03-30,Shopee,
118,8,80.0,False,2026-04-07,Shopee,
119,10,99.9,False,2026-01-11,Temu,120
119,25,249.75,False,2026-01-13,Temu,
119,13,129.87,False,2026-01-14,Temu,
119,17,169.83,False,2026-01-22,Temu,
119,28,279.72,False,2026-02-28,Temu,
119,7,69.93,False,2026-03-12,Temu,
119,29,289.71,False,2026-03-14,Temu,120
119,28,279.72,False,2026-03-17,Temu,
120,9,98.91,False,2026-01-18,JD,
120,28,307.72,False,2026-01-19,JD,
120,8,87.92,True,2026-01-22,JD,
120,10,109.9,False,2026-02-19,JD,
120,9,98.91,False,2026-02-26,JD,
120,17,186.83,True,2026-03-04,JD,
120,14,153.86,False,2026-03-09,JD,
120,13,142.87,False,2026-03-11,JD,
120,16,175.84,False,2026-03-15,JD,
120,14,153.86,False,2026-03-21,JD,
120,24,263.76,False,2026-04-08,JD,
121,22,242.0,False,2026-01-24,Shopee,
121,27,297.0,False,2026-02-08,Shopee,
121,21,231.0,False,2026-02-16,Shopee,122
121,24,264.0,False,2026-02-19,Shopee,
121,25,275.0,False,2026-03-04,Shopee,
121,18,198.0,False,2026-03-06,Shopee,
121,30,330.0,False,2026-03-10,Shopee,
121,18,198.0,False,2026-03-14,Shopee,
121,16,176.0,False,2026-03-15,Shopee,
121,16,176.0,False,2026-04-04,Shopee,
122,28,307.72,False,2026-01-14,Facebook Marketplace,
122,14,153.86,False,2026-01-19,Facebook Marketplace,
122,15,164.85,False,2026-01-31,Facebook Marketplace,
122,7,76.93,False,2026-01-31,Facebook Marketplace,
122,8,87.92,False,2026-02-03,Facebook Marketplace,
122,7,76.93,False,2026-02-13,Facebook Marketplace,
122,5,54.95,False,2026-03-02,Facebook Marketplace,
122,11,120.89,False,2026-03-06,Facebook Marketplace,
122,28,307.72,False,2026-03-14,Facebook Marketplace,
122,26,285.74,False,2026-03-27,Facebook Marketplace,
122,11,120.89,False,2026-03-31,Facebook Marketplace,
122,14,153.86,False,2026-04-07,Facebook Marketplace,
123,20,199.8,False,2026-03-01,Shopee,
123,16,159.84,False,2026-03-05,Shopee,
123,17,169.83,False,2026-03-06,Shopee,
123,12,119.88,False,2026-03-08,Shopee,
123,21,209.79,False,2026-03-23,Shopee,
123,13,129.87,False,2026-03-25,Shopee,
123,5,49.95,False,2026-03-28,Shopee,
123,14,139.86,False,2026-04-07,Shopee,
124,10,149.9,False,2026-01-13,Temu,
124,8,119.92,False,2026-01-28,Temu,125
124,26,389.74,False,2026-02-11,Temu,
124,17,254.83,False,2026-02-14,Temu,125
124,15,224.85,False,2026-02-17,Temu,
124,26,389.74,False,2026-02-27,Temu,
124,26,389.74,False,2026-03-03,Temu,
124,14,209.86,False,2026-03-04,Temu,
124,8,119.92,False,2026-03-11,Temu,
124,19,284.81,False,2026-04-05,Temu,
125,10,100.0,False,2026-01-11,JD,
125,25,250.0,False,2026-01-19,JD,126
125,18,180.0,False,2026-02-16,JD,
125,23,230.0,False,2026-02-21,JD,
125,21,210.0,False,2026-02-26,JD,
125,27,270.0,False,2026-03-01,JD,
125,20,200.0,False,2026-03-04,JD,
125,13,130.0,False,2026-03-15,JD,
125,13,130.0,False,2026-03-31,JD,126
126,10,380.0,False,2026-02-08,Shopee,
126,3,114.0,False,2026-02-14,Shopee,
126,3,114.0,False,2026-02-26,Shopee,
126,4,152.0,False,2026-03-12,Shopee,
126,8,304.0,False,2026-03-21,Shopee,
127,4,112.0,False,2026-01-23,JD,
127,3,84.0,True,2026-02-20,JD,128
127,8,224.0,False,2026-03-09,JD,
127,8,224.0,False,2026-03-14,JD,
127,6,168.0,False,2026-03-27,JD,
127,10,280.0,False,2026-04-01,JD,
128,2,50.0,False,2026-02-07,Temu,
128,4,100.0,False,2026-02-10,Temu,
128,10,250.0,False,2026-02-15,Temu,
128,8,200.0,False,2026-02-27,Temu,
128,7,175.0,False,2026-03-27,Temu,
128,10,250.0,False,2026-03-31,Temu,
129,4,104.0,False,2026-01-09,Temu,
129,6,156.0,False,2026-02-10,Temu,
129,10,260.0,False,2026-02-12,Temu,
129,10,260.0,False,2026-03-02,Temu,
129,3,78.0,False,2026-03-08,Temu,
129,9,234.0,True,2026-03-13,Temu,
129,10,260.0,False,2026-03-26,Temu,
129,3,78.0,False,2026-03-28,Temu,
129,3,78.0,False,2026-03-31,Temu,
130,6,192.0,False,2026-02-09,Taobao,
130,2,64.0,False,2026-02-27,Taobao,
130,6,192.0,False,2026-03-12,Taobao,
130,6,192.0,False,2026-04-03,Taobao,
130,3,96.0,False,2026-04-07,Taobao,
131,2,64.0,False,2026-01-11,Shopee,
131,2,64.0,False,2026-02-15,Shopee,
131,6,192.0,False,2026-02-21,Shopee,
131,7,224.0,False,2026-03-01,Shopee,
131,5,160.0,False,2026-03-05,Shopee,
131,7,224.0,False,2026-03-08,Shopee,
131,4,128.0,False,2026-03-17,Shopee,
131,6,192.0,False,2026-03-23,Shopee,132
131,2,64.0,False,2026-04-07,Shopee,
132,3,147.0,False,2026-01-09,JD,
132,1,49.0,False,2026-01-11,JD,
132,3,147.0,False,2026-01-21,JD,
132,4,196.0,False,2026-02-26,JD,133
132,3,147.0,False,2026-03-01,JD,
132,1,49.0,False,2026-03-03,JD,
133,3,96.0,False,2026-01-25,Shopee,
133,5,160.0,False,2026-02-19,Shopee,
133,4,128.0,False,2026-02-24,Shopee,134
133,3,96.0,False,2026-03-19,Shopee,
133,3,96.0,False,2026-03-28,Shopee,
133,6,192.0,False,2026-04-03,Shopee,
133,10,320.0,False,2026-04-04,Shopee,
134,10,270.0,False,2026-01-11,Shopee,
134,10,270.0,False,2026-01-27,Shopee,
134,7,189.0,False,2026-02-03,Shopee,
134,10,270.0,False,2026-02-06,Shopee,
134,4,108.0,False,2026-02-23,Shopee,
134,5,135.0,False,2026-04-06,Shopee,
135,5,80.0,False,2026-01-20,Temu,
135,8,128.0,False,2026-01-22,Temu,
135,6,96.0,False,2026-02-06,Temu,
135,6,96.0,False,2026-02-24,Temu,
135,6,96.0,False,2026-03-16,Temu,136
135,3,48.0,False,2026-03-26,Temu,
135,9,144.0,False,2026-03-27,Temu,
136,5,95.0,False,2026-01-20,Shopee,
136,3,57.0,False,2026-01-31,Shopee,
136,9,171.0,False,2026-02-20,Shopee,
136,5,95.0,False,2026-02-23,Shopee,
136,7,133.0,False,2026-03-13,Shopee,
136,7,133.0,False,2026-03-18,Shopee,
136,7,133.0,True,2026-03-28,Shopee,
137,10,189.9,False,2026-01-22,Taobao,
137,6,113.94,False,2026-02-07,Taobao,138
137,9,170.91,False,2026-02-18,Taobao,
137,4,75.96,True,2026-02-22,Taobao,
137,2,37.98,False,2026-03-10,Taobao,
137,4,75.96,False,2026-03-18,Taobao,
137,6,113.94,False,2026-03-27,Taobao,
137,2,37.98,False,2026-04-01,Taobao,
137,4,75.96,False,2026-04-08,Taobao,
138,24,311.76,True,2026-01-12,Temu,
138,30,389.7,False,2026-01-28,Temu,
138,14,181.86,False,2026-01-31,Temu,
138,26,337.74,False,2026-01-31,Temu,
138,8,103.92,False,2026-02-25,Temu,
138,24,311.76,False,2026-03-06,Temu,
138,26,337.74,False,2026-03-06,Temu,
138,19,246.81,False,2026-03-14,Temu,
138,7,90.93,False,2026-03-23,Temu,
138,12,155.88,False,2026-03-26,Temu,
139,26,286.0,False,2026-01-27,JD,
139,25,275.0,False,2026-01-28,JD,
139,25,275.0,False,2026-02-09,JD,
139,27,297.0,True,2026-02-11,JD,
139,17,187.0,False,2026-03-04,JD,
139,29,319.0,False,2026-03-26,JD,
139,25,275.0,False,2026-03-29,JD,140
139,29,319.0,False,2026-04-04,JD,
140,7,42.0,False,2026-01-12,Taobao,
140,14,84.0,False,2026-01-17,Taobao,
140,15,90.0,False,2026-01-28,Taobao,
140,18,108.0,False,2026-02-01,Taobao,141
140,28,168.0,False,2026-02-02,Taobao,
140,16,96.0,True,2026-02-06,Taobao,
140,26,156.0,False,2026-02-15,Taobao,
140,23,138.0,False,2026-02-20,Taobao,
140,23,138.0,False,2026-02-26,Taobao,
140,25,150.0,True,2026-03-06,Taobao,
140,5,30.0,False,2026-03-06,Taobao,
140,23,138.0,False,2026-03-14,Taobao,
140,24,144.0,False,2026-03-30,Taobao,
140,12,72.0,False,2026-04-03,Taobao,
141,4,60.0,False,2026-01-12,JD,
141,4,60.0,False,2026-02-01,JD,
141,5,75.0,False,2026-02-04,JD,
141,5,75.0,False,2026-02-27,JD,
141,9,135.0,False,2026-03-06,JD,
141,10,150.0,False,2026-03-22,JD,
141,3,45.0,False,2026-04-04,JD,142
141,2,30.0,False,2026-04-07,JD,
142,8,136.0,False,2026-01-11,Facebook Marketplace,
142,6,102.0,False,2026-01-19,Facebook Marketplace,
142,10,170.0,False,2026-02-03,Facebook Marketplace,143
142,7,119.0,False,2026-02-15,Facebook Marketplace,143
142,5,85.0,False,2026-02-19,Facebook Marketplace,
142,8,136.0,False,2026-02-23,Facebook Marketplace,
142,9,153.0,False,2026-03-13,Facebook Marketplace,
142,2,34.0,False,2026-03-27,Facebook Marketplace,
142,2,34.0,False,2026-03-29,Facebook Marketplace,143
142,8,136.0,False,2026-03-31,Facebook Marketplace,
143,29,289.71,False,2026-01-18,Temu,
143,25,249.75,False,2026-01-24,Temu,
143,18,179.82,False,2026-02-01,Temu,
143,18,179.82,False,2026-02-02,Temu,
143,12,119.88,False,2026-02-02,Temu,
143,26,259.74,False,2026-02-19,Temu,
143,7,69.93,False,2026-03-19,Temu,
143,28,279.72,False,2026-03-23,Temu,
143,18,179.82,False,2026-04-08,Temu,
143,27,269.73,False,2026-04-08,Temu,
144,9,63.0,False,2026-01-16,Facebook Marketplace,
144,30,210.0,False,2026-01-17,Facebook Marketplace,
144,14,98.0,False,2026-01-22,Facebook Marketplace,
144,14,98.0,False,2026-02-15,Facebook Marketplace,
144,8,56.0,False,2026-02-19,Facebook Marketplace,
144,15,105.0,False,2026-02-23,Facebook Marketplace,
144,9,63.0,False,2026-03-11,Facebook Marketplace,
144,7,49.0,True,2026-03-12,Facebook Marketplace,
144,12,84.0,False,2026-03-27,Facebook Marketplace,
144,12,84.0,False,2026-04-04,Facebook Marketplace,
145,9,315.0,False,2026-01-27,Taobao,
145,6,210.0,False,2026-01-29,Taobao,
145,9,315.0,False,2026-02-26,Taobao,
145,7,245.0,False,2026-03-07,Taobao,
145,7,245.0,False,2026-03-09,Taobao,
145,7,245.0,False,2026-03-21,Taobao,
145,2,70.0,False,2026-03-30,Taobao,
146,14,153.86,False,2026-01-24,Facebook Marketplace,
146,25,274.75,False,2026-01-29,Facebook Marketplace,
146,11,120.89,False,2026-02-03,Facebook Marketplace,147
146,30,329.7,False,2026-02-03,Facebook Marketplace,
146,11,120.89,False,2026-02-10,Facebook Marketplace,
146,28,307.72,False,2026-02-11,Facebook Marketplace,
146,11,120.89,False,2026-02-19,Facebook Marketplace,
146,16,175.84,False,2026-02-20,Facebook Marketplace,
146,12,131.88,False,2026-02-27,Facebook Marketplace,
146,13,142.87,False,2026-02-28,Facebook Marketplace,147
146,5,54.95,False,2026-03-15,Facebook Marketplace,
146,15,164.85,False,2026-03-27,Facebook Marketplace,
146,17,186.83,False,2026-04-02,Facebook Marketplace,
147,5,130.0,False,2026-01-12,JD,
147,2,52.0,False,2026-02-03,JD,148
147,8,208.0,False,2026-02-12,JD,
147,5,130.0,False,2026-02-12,JD,
147,6,156.0,False,2026-02-14,JD,
147,9,234.0,False,2026-03-11,JD,
147,7,182.0,False,2026-04-04,JD,
148,4,128.0,False,2026-01-11,Facebook Marketplace,
148,3,96.0,False,2026-01-12,Facebook Marketplace,
148,8,256.0,False,2026-01-12,Facebook Marketplace,
148,2,64.0,False,2026-01-24,Facebook Marketplace,
148,8,256.0,False,2026-02-04,Facebook Marketplace,
148,9,288.0,False,2026-02-15,Facebook Marketplace,
149,2,68.0,False,2026-01-21,Taobao,
149,8,272.0,True,2026-01-23,Taobao,
149,7,238.0,False,2026-01-25,Taobao,
149,9,306.0,True,2026-01-26,Taobao,
149,8,272.0,False,2026-01-30,Taobao,150
149,7,238.0,False,2026-02-07,Taobao,
149,5,170.0,False,2026-03-06,Taobao,
149,3,102.0,True,2026-04-08,Taobao,150
150,8,127.92,True,2026-01-14,Taobao,
150,7,111.93,False,2026-01-16,Taobao,
150,5,79.95,False,2026-02-06,Taobao,
150,10,159.9,False,2026-02-11,Taobao,
150,4,63.96,False,2026-02-19,Taobao,
150,9,143.91,False,2026-03-02,Taobao,
150,2,31.98,False,2026-03-05,Taobao,
151,7,111.93,False,2026-02-12,Temu,
151,6,95.94,False,2026-02-28,Temu,
151,10,159.9,False,2026-03-08,Temu,152
151,5,79.95,False,2026-03-11,Temu,
151,9,143.91,False,2026-03-18,Temu,
151,6,95.94,False,2026-03-22,Temu,
152,4,60.0,False,2026-01-19,Taobao,
152,8,120.0,True,2026-01-21,Taobao,
152,5,75.0,False,2026-02-07,Taobao,
152,10,150.0,False,2026-03-02,Taobao,153
152,10,150.0,False,2026-03-06,Taobao,
152,5,75.0,False,2026-03-06,Taobao,
153,6,83.94,False,2026-01-10,JD,
153,20,279.8,False,2026-01-11,JD,
153,24,335.76,False,2026-01-28,JD,
153,13,181.87,False,2026-01-30,JD,
153,27,377.73,False,2026-01-31,JD,
153,25,349.75,False,2026-02-01,JD,154
153,17,237.83,False,2026-02-09,JD,
153,21,293.79,False,2026-02-12,JD,
153,17,237.83,False,2026-02-19,JD,
153,21,293.79,False,2026-03-14,JD,
153,21,293.79,False,2026-03-14,JD,
153,27,377.73,False,2026-03-15,JD,
153,13,181.87,False,2026-03-18,JD,
154,9,225.0,False,2026-01-15,Temu,
154,10,250.0,False,2026-01-24,Temu,
154,3,75.0,False,2026-02-14,Temu,
154,8,200.0,False,2026-02-25,Temu,
154,6,150.0,False,2026-03-06,Temu,
154,5,125.0,False,2026-03-16,Temu,
154,8,200.0,False,2026-03-24,Temu,155
155,7,161.0,False,2026-01-17,Shopee,156
155,8,184.0,False,2026-01-19,Shopee,
155,9,207.0,False,2026-01-29,Shopee,
155,7,161.0,False,2026-02-09,Shopee,
155,9,207.0,False,2026-02-16,Shopee,
155,5,115.0,False,2026-02-20,Shopee,
155,6,138.0,False,2026-03-11,Shopee,
155,7,161.0,False,2026-03-29,Shopee,
155,8,184.0,False,2026-04-03,Shopee,
156,5,150.0,False,2026-02-08,JD,
156,4,120.0,True,2026-02-17,JD,157
156,3,90.0,False,2026-02-19,JD,
156,4,120.0,False,2026-03-01,JD,157
156,7,210.0,False,2026-03-03,JD,
156,9,270.0,False,2026-04-02,JD,
156,10,300.0,False,2026-04-04,JD,
157,10,280.0,False,2026-01-14,Temu,
157,9,252.0,True,2026-02-03,Temu,
157,8,224.0,False,2026-02-28,Temu,
157,3,84.0,False,2026-03-05,Temu,
157,9,252.0,False,2026-03-08,Temu,
157,5,140.0,False,2026-03-17,Temu,
157,5,140.0,False,2026-03-25,Temu,
157,2,56.0,False,2026-03-28,Temu,
157,6,168.0,False,2026-03-28,Temu,158
158,3,69.0,False,2026-01-17,Shopee,
158,10,230.0,False,2026-01-23,Shopee,
158,6,138.0,False,2026-01-31,Shopee,
158,3,69.0,False,2026-02-12,Shopee,
158,5,115.0,False,2026-02-21,Shopee,
158,2,46.0,False,2026-03-07,Shopee,
159,9,108.0,False,2026-01-16,Shopee,
159,7,84.0,False,2026-01-22,Shopee,
159,20,240.0,False,2026-01-26,Shopee,
159,5,60.0,True,2026-02-11,Shopee,
159,10,120.0,False,2026-02-16,Shopee,
159,21,252.0,False,2026-02-26,Shopee,
159,16,192.0,False,2026-04-04,Shopee,
159,29,348.0,False,2026-04-08,Shopee,
160,11,132.0,False,2026-01-09,Shopee,
160,23,276.0,False,2026-01-23,Shopee,
160,8,96.0,False,2026-01-24,Shopee,
160,27,324.0,True,2026-02-09,Shopee,
160,28,336.0,True,2026-02-10,Shopee,161
160,17,204.0,False,2026-03-01,Shopee,
160,8,96.0,False,2026-03-03,Shopee,
160,27,324.0,False,2026-03-13,Shopee,
160,18,216.0,False,2026-03-25,Shopee,
160,9,108.0,False,2026-03-27,Shopee,
160,8,96.0,False,2026-03-28,Shopee,
160,18,216.0,False,2026-04-01,Shopee,
161,23,230.0,False,2026-01-09,Facebook Marketplace,
161,10,100.0,False,2026-01-11,Facebook Marketplace,
161,29,290.0,False,2026-01-28,Facebook Marketplace,
161,13,130.0,False,2026-02-19,Facebook Marketplace,
161,26,260.0,False,2026-03-03,Facebook Marketplace,
161,23,230.0,False,2026-03-13,Facebook Marketplace,
161,24,240.0,False,2026-03-17,Facebook Marketplace,
161,6,60.0,False,2026-03-20,Facebook Marketplace,
161,29,290.0,False,2026-03-30,Facebook Marketplace,
161,12,120.0,False,2026-04-07,Facebook Marketplace,
162,28,363.72,True,2026-01-11,Shopee,
162,11,142.89,False,2026-01-29,Shopee,
162,6,77.94,False,2026-01-31,Shopee,
162,9,116.91,True,2026-02-02,Shopee,
162,28,363.72,False,2026-02-07,Shopee,
162,29,376.71,False,2026-02-13,Shopee,
162,9,116.91,False,2026-03-23,Shopee,
162,10,129.9,False,2026-03-30,Shopee,163
162,16,207.84,True,2026-04-04,Shopee,
163,7,101.5,False,2026-01-10,Shopee,
163,30,435.0,False,2026-01-12,Shopee,
163,22,319.0,False,2026-01-12,Shopee,164
163,25,362.5,False,2026-01-12,Shopee,
163,28,406.0,False,2026-01-12,Shopee,
163,17,246.5,False,2026-01-13,Shopee,
163,21,304.5,False,2026-01-19,Shopee,
163,13,188.5,False,2026-01-30,Shopee,
163,9,130.5,False,2026-02-19,Shopee,
163,20,290.0,False,2026-03-24,Shopee,
163,29,420.5,False,2026-03-31,Shopee,
163,29,420.5,False,2026-04-04,Shopee,
163,6,87.0,False,2026-04-07,Shopee,
164,12,107.88,False,2026-01-11,Facebook Marketplace,
164,9,80.91,False,2026-01-29,Facebook Marketplace,
164,21,188.79,False,2026-01-30,Facebook Marketplace,
164,29,260.71,False,2026-02-15,Facebook Marketplace,
164,6,53.94,False,2026-02-16,Facebook Marketplace,
164,25,224.75,False,2026-02-17,Facebook Marketplace,
164,29,260.71,False,2026-03-02,Facebook Marketplace,
164,6,53.94,False,2026-03-16,Facebook Marketplace,
164,28,251.72,False,2026-03-23,Facebook Marketplace,
164,26,233.74,False,2026-03-29,Facebook Marketplace,
164,28,251.72,True,2026-04-01,Facebook Marketplace,165
164,17,152.83,False,2026-04-04,Facebook Marketplace,
164,14,125.86,False,2026-04-04,Facebook Marketplace,
164,21,188.79,False,2026-04-05,Facebook Marketplace,
165,4,188.0,False,2026-01-19,Facebook Marketplace,
165,4,188.0,False,2026-03-14,Facebook Marketplace,
165,4,188.0,False,2026-03-28,Facebook Marketplace,
166,18,143.82,False,2026-01-11,Shopee,
166,6,47.94,False,2026-01-14,Shopee,167
166,28,223.72,False,2026-01-25,Shopee,
166,5,39.95,False,2026-02-08,Shopee,
166,6,47.94,False,2026-02-21,Shopee,
166,17,135.83,False,2026-02-24,Shopee,
166,29,231.71,True,2026-02-28,Shopee,
166,19,151.81,False,2026-03-02,Shopee,
166,11,87.89,False,2026-03-13,Shopee,
166,11,87.89,False,2026-03-16,Shopee,
166,6,47.94,False,2026-03-18,Shopee,
166,10,79.9,False,2026-03-30,Shopee,
167,1,99.0,False,2026-01-31,JD,
167,1,99.0,False,2026-02-02,JD,
168,2,338.0,False,2026-02-02,Temu,
168,1,169.0,False,2026-03-17,Temu,
169,2,72.0,False,2026-01-25,JD,170
169,9,324.0,False,2026-01-26,JD,
169,8,288.0,False,2026-01-26,JD,
169,3,108.0,False,2026-02-22,JD,
169,8,288.0,False,2026-03-01,JD,
169,6,216.0,False,2026-03-02,JD,
169,5,180.0,False,2026-03-26,JD,170
169,4,144.0,False,2026-04-04,JD,
170,10,150.0,False,2026-01-10,Facebook Marketplace,
170,5,75.0,False,2026-01-18,Facebook Marketplace,
170,8,120.0,False,2026-01-20,Facebook Marketplace,
170,9,135.0,False,2026-01-29,Facebook Marketplace,
170,9,135.0,False,2026-03-12,Facebook Marketplace,
170,5,75.0,False,2026-03-31,Facebook Marketplace,
171,6,216.0,False,2026-02-08,Temu,
171,4,144.0,False,2026-02-12,Temu,
171,7,252.0,False,2026-03-05,Temu,
171,5,180.0,False,2026-03-18,Temu,
171,6,216.0,False,2026-03-19,Temu,
171,4,144.0,False,2026-03-25,Temu,
171,10,360.0,False,2026-03-27,Temu,172
171,3,108.0,False,2026-03-29,Temu,
171,10,360.0,False,2026-04-06,Temu,
172,2,170.0,False,2026-02-21,Facebook Marketplace,
172,2,170.0,False,2026-02-25,Facebook Marketplace,
173,2,170.0,False,2026-01-09,JD,
173,1,85.0,False,2026-02-02,JD,
173,2,170.0,False,2026-02-06,JD,
174,8,248.0,False,2026-01-26,Shopee,
174,10,310.0,False,2026-01-29,Shopee,
174,10,310.0,False,2026-02-20,Shopee,
174,4,124.0,False,2026-02-22,Shopee,
174,10,310.0,False,2026-03-01,Shopee,
174,6,186.0,False,2026-03-04,Shopee,
174,8,248.0,False,2026-03-17,Shopee,
174,7,217.0,False,2026-03-21,Shopee,
174,6,186.0,False,2026-03-21,Shopee,
175,10,290.0,False,2026-02-11,Taobao,
175,8,232.0,False,2026-02-19,Taobao,
175,2,58.0,False,2026-02-22,Taobao,
175,10,290.0,False,2026-02-24,Taobao,
175,9,261.0,False,2026-03-09,Taobao,
175,5,145.0,False,2026-03-11,Taobao,
176,1,88.0,False,2026-03-20,Temu,
177,2,108.0,False,2026-01-15,Shopee,
177,2,108.0,False,2026-01-20,Shopee,
177,4,216.0,False,2026-01-23,Shopee,
177,2,108.0,False,2026-01-27,Shopee,
177,1,54.0,False,2026-02-28,Shopee,
177,1,54.0,False,2026-03-27,Shopee,
178,5,360.0,False,2026-01-09,Taobao,
178,5,360.0,False,2026-02-05,Taobao,179
178,1,72.0,False,2026-04-02,Taobao,
179,18,198.0,False,2026-01-17,Shopee,
179,13,143.0,False,2026-02-14,Shopee,
179,30,330.0,False,2026-02-17,Shopee,
179,8,88.0,True,2026-02-22,Shopee,180
179,8,88.0,False,2026-02-25,Shopee,
179,6,66.0,False,2026-02-25,Shopee,
179,28,308.0,False,2026-02-25,Shopee,
179,8,88.0,False,2026-03-04,Shopee,
179,7,77.0,False,2026-03-06,Shopee,
179,6,66.0,False,2026-03-07,Shopee,
179,30,330.0,False,2026-03-22,Shopee,
179,8,88.0,False,2026-03-25,Shopee,180
179,28,308.0,False,2026-03-29,Shopee,
179,6,66.0,False,2026-03-31,Shopee,
179,6,66.0,False,2026-04-05,Shopee,
180,21,167.79,True,2026-01-09,Temu,
180,25,199.75,False,2026-01-14,Temu,
180,17,135.83,False,2026-01-17,Temu,
180,20,159.8,False,2026-01-31,Temu,
180,11,87.89,False,2026-02-09,Temu,
180,8,63.92,False,2026-02-10,Temu,
180,22,175.78,False,2026-02-18,Temu,
180,17,135.83,False,2026-02-18,Temu,
180,20,159.8,False,2026-03-23,Temu,181
180,20,159.8,False,2026-03-27,Temu,
180,10,79.9,False,2026-03-28,Temu,
180,11,87.89,False,2026-04-04,Temu,
181,26,231.4,False,2026-01-19,Taobao,
181,20,178.0,False,2026-01-20,Taobao,
181,30,267.0,False,2026-01-20,Taobao,
181,22,195.8,False,2026-02-01,Taobao,
181,28,249.2,False,2026-02-02,Taobao,
181,26,231.4,False,2026-02-16,Taobao,
181,25,222.5,False,2026-02-26,Taobao,182
181,16,142.4,False,2026-03-01,Taobao,
181,30,267.0,False,2026-03-10,Taobao,
181,8,71.2,False,2026-03-22,Taobao,182
181,22,195.8,False,2026-03-26,Taobao,
181,14,124.6,False,2026-04-01,Taobao,
181,22,195.8,False,2026-04-04,Taobao,
182,28,182.0,False,2026-01-22,Taobao,183
182,10,65.0,False,2026-01-29,Taobao,183
182,13,84.5,False,2026-02-04,Taobao,
182,17,110.5,False,2026-02-05,Taobao,
182,5,32.5,False,2026-02-07,Taobao,
182,13,84.5,False,2026-02-23,Taobao,
182,13,84.5,False,2026-03-02,Taobao,183
182,15,97.5,False,2026-03-10,Taobao,
182,27,175.5,False,2026-03-26,Taobao,183
182,23,149.5,False,2026-03-31,Taobao,
182,20,130.0,False,2026-04-03,Taobao,
183,10,200.0,False,2026-01-21,Shopee,
183,2,40.0,False,2026-01-25,Shopee,184
183,2,40.0,False,2026-02-04,Shopee,
183,6,120.0,False,2026-02-09,Shopee,
183,6,120.0,False,2026-02-18,Shopee,
183,8,160.0,False,2026-02-28,Shopee,
183,6,120.0,False,2026-03-02,Shopee,
183,10,200.0,False,2026-03-03,Shopee,
183,8,160.0,False,2026-04-01,Shopee,
184,21,272.79,False,2026-01-09,Facebook Marketplace,
184,20,259.8,False,2026-01-10,Facebook Marketplace,
184,7,90.93,False,2026-01-16,Facebook Marketplace,
184,16,207.84,False,2026-01-22,Facebook Marketplace,
184,5,64.95,False,2026-02-10,Facebook Marketplace,
184,9,116.91,False,2026-02-27,Facebook Marketplace,
184,13,168.87,False,2026-03-10,Facebook Marketplace,
184,18,233.82,False,2026-03-14,Facebook Marketplace,
184,10,129.9,False,2026-03-16,Facebook Marketplace,
184,12,155.88,False,2026-03-18,Facebook Marketplace,
184,15,194.85,False,2026-03-18,Facebook Marketplace,
184,23,298.77,False,2026-03-25,Facebook Marketplace,
184,22,285.78,True,2026-03-31,Facebook Marketplace,
185,2,58.0,False,2026-01-10,Facebook Marketplace,
185,3,87.0,False,2026-01-27,Facebook Marketplace,
185,8,232.0,False,2026-02-07,Facebook Marketplace,
185,10,290.0,False,2026-02-07,Facebook Marketplace,
185,7,203.0,False,2026-02-12,Facebook Marketplace,
185,6,174.0,False,2026-02-17,Facebook Marketplace,
185,6,174.0,False,2026-02-20,Facebook Marketplace,186
185,10,290.0,False,2026-03-14,Facebook Marketplace,
185,7,203.0,False,2026-03-19,Facebook Marketplace,
185,5,145.0,False,2026-03-29,Facebook Marketplace,
186,5,210.0,False,2026-01-15,JD,
186,1,42.0,True,2026-03-15,JD,
186,2,84.0,False,2026-03-16,JD,
186,1,42.0,False,2026-03-23,JD,
187,4,196.0,False,2026-01-11,Temu,
187,4,196.0,False,2026-01-14,Temu,188
187,1,49.0,False,2026-01-18,Temu,
187,3,147.0,False,2026-02-20,Temu,188
187,1,49.0,False,2026-02-26,Temu,
187,2,98.0,False,2026-03-06,Temu,188
187,4,196.0,False,2026-04-07,Temu,
188,6,174.0,False,2026-01-24,Facebook Marketplace,
188,4,116.0,False,2026-02-18,Facebook Marketplace,
188,4,116.0,False,2026-02-20,Facebook Marketplace,189
188,10,290.0,False,2026-02-24,Facebook Marketplace,189
188,8,232.0,False,2026-03-08,Facebook Marketplace,
188,4,116.0,False,2026-03-08,Facebook Marketplace,
188,9,261.0,False,2026-03-12,Facebook Marketplace,
188,9,261.0,False,2026-03-15,Facebook Marketplace,
189,4,140.0,False,2026-01-09,Taobao,
189,2,70.0,False,2026-01-20,Taobao,
189,9,315.0,False,2026-01-22,Taobao,
189,5,175.0,True,2026-01-31,Taobao,
189,8,280.0,False,2026-02-18,Taobao,
189,2,70.0,False,2026-02-25,Taobao,
189,3,105.0,False,2026-03-09,Taobao,
189,6,210.0,False,2026-03-28,Taobao,
189,6,210.0,False,2026-04-03,Taobao,
190,4,64.0,False,2026-01-19,Facebook Marketplace,191
190,2,32.0,False,2026-01-29,Facebook Marketplace,
190,7,112.0,False,2026-02-04,Facebook Marketplace,
190,6,96.0,False,2026-02-20,Facebook Marketplace,
190,3,48.0,False,2026-02-23,Facebook Marketplace,191
190,3,48.0,False,2026-02-24,Facebook Marketplace,
190,10,160.0,False,2026-02-28,Facebook Marketplace,191
190,2,32.0,False,2026-03-29,Facebook Marketplace,
191,1,59.0,False,2026-01-13,Taobao,
191,3,177.0,False,2026-01-25,Taobao,
191,5,295.0,False,2026-02-05,Taobao,
191,3,177.0,False,2026-02-22,Taobao,
191,2,118.0,False,2026-03-04,Taobao,
192,5,295.0,False,2026-01-22,Temu,
192,5,295.0,False,2026-02-01,Temu,
192,2,118.0,False,2026-02-10,Temu,
192,1,59.0,True,2026-03-08,Temu,
192,5,295.0,True,2026-03-18,Temu,
193,23,298.77,False,2026-01-17,Taobao,
193,26,337.74,False,2026-01-21,Taobao,194
193,8,103.92,False,2026-01-24,Taobao,
193,11,142.89,False,2026-01-30,Taobao,
193,22,285.78,False,2026-02-23,Taobao,
193,15,194.85,False,2026-03-16,Taobao,
193,20,259.8,False,2026-03-17,Taobao,
193,17,220.83,False,2026-03-27,Taobao,194
193,6,77.94,False,2026-04-01,Taobao,
193,12,155.88,False,2026-04-03,Taobao,
194,6,89.94,False,2026-01-18,JD,
194,28,419.72,False,2026-01-20,JD,
194,30,449.7,True,2026-02-16,JD,
194,28,419.72,False,2026-02-26,JD,
194,24,359.76,False,2026-03-03,JD,
194,23,344.77,False,2026-03-10,JD,
194,8,119.92,False,2026-03-26,JD,195
194,6,89.94,False,2026-03-27,JD,
194,16,239.84,False,2026-04-06,JD,
194,17,254.83,False,2026-04-06,JD,
195,24,359.76,False,2026-01-14,JD,
195,18,269.82,False,2026-01-21,JD,
195,14,209.86,False,2026-01-28,JD,
195,26,389.74,False,2026-03-13,JD,
195,13,194.87,False,2026-03-15,JD,
195,30,449.7,False,2026-03-15,JD,
195,14,209.86,False,2026-03-18,JD,
195,10,149.9,False,2026-03-26,JD,
195,16,239.84,False,2026-03-31,JD,
195,13,194.87,False,2026-04-05,JD,
195,6,89.94,False,2026-04-05,JD,
195,7,104.93,False,2026-04-06,JD,
196,3,102.0,False,2026-01-29,Temu,
196,6,204.0,False,2026-02-03,Temu,
196,9,306.0,False,2026-02-09,Temu,
196,9,306.0,False,2026-03-03,Temu,
196,2,68.0,True,2026-03-19,Temu,
196,3,102.0,False,2026-03-24,Temu,
196,7,238.0,False,2026-04-02,Temu,
197,4,116.0,False,2026-01-12,JD,
197,9,261.0,False,2026-01-28,JD,
197,3,87.0,False,2026-01-31,JD,
197,5,145.0,False,2026-03-11,JD,
197,3,87.0,False,2026-04-06,JD,
198,22,153.78,False,2026-01-20,Temu,
198,20,139.8,False,2026-02-01,Temu,
198,13,90.87,False,2026-02-11,Temu,
198,11,76.89,False,2026-03-05,Temu,
198,9,62.91,False,2026-03-13,Temu,
198,21,146.79,True,2026-03-21,Temu,
198,24,167.76,False,2026-03-21,Temu,
198,16,111.84,False,2026-03-30,Temu,
198,28,195.72,False,2026-03-30,Temu,
198,26,181.74,False,2026-04-04,Temu,
198,10,69.9,False,2026-04-05,Temu,
199,20,139.8,False,2026-01-10,Taobao,
199,7,48.93,False,2026-01-11,Taobao,200
199,11,76.89,False,2026-01-18,Taobao,
199,18,125.82,False,2026-01-29,Taobao,
199,19,132.81,False,2026-01-30,Taobao,
199,17,118.83,True,2026-02-10,Taobao,
199,20,139.8,False,2026-03-05,Taobao,
199,20,139.8,False,2026-03-29,Taobao,
199,30,209.7,False,2026-04-02,Taobao,
199,9,62.91,False,2026-04-04,Taobao,
200,6,216.0,False,2026-02-16,Facebook Marketplace,
200,5,180.0,False,2026-03-01,Facebook Marketplace,
200,2,72.0,False,2026-03-05,Facebook Marketplace,
200,2,72.0,False,2026-03-07,Facebook Marketplace,
200,5,180.0,False,2026-03-07,Facebook Marketplace,
200,8,288.0,False,2026-03-13,Facebook Marketplace,
200,4,144.0,False,2026-03-23,Facebook Marketplace,
200,3,108.0,False,2026-03-25,Facebook Marketplace,
200,7,252.0,False,2026-04-04,Facebook Marketplace,
